{"noiseKey":{"private":{"type":"Buffer","data":"MLdqjL5AJTq2VhPA4zH7+oigBOXtcOdnNveNOzgQzXQ="},"public":{"type":"Buffer","data":"alQEXQdvJyKvt/zkwp5v59kIzLP0XEap094CZkAj4g8="}},"signedIdentityKey":{"private":{"type":"Buffer","data":"4FLMPb00tS+wFK7Hsj7iOJu4gCdjfj8keLsDDkJmamw="},"public":{"type":"Buffer","data":"qpTbE63uMpcdKH3j/jKCCt2a+6DY0iX0cCi1drf68Co="}},"signedPreKey":{"keyPair":{"private":{"type":"Buffer","data":"oJnZGF+NhryFUH2ZopvfjlxVUCC6W4wWIrtsS1gy/ko="},"public":{"type":"Buffer","data":"x87+mPI9AG9jrqNwH3mNZCrhhq7BDcl8QFDArJlcw1Y="}},"signature":{"type":"Buffer","data":"Tkzye09idNMORfYyZ7xDBqIr9Oc41YXu2yoOYGEvqXDS4uUNf6em4vD5Milt0WXUpZlkZPMX1AWjrKBw0fsHgA=="},"keyId":1},"registrationId":108,"advSecretKey":"q+UyqqHzaN/wKtTjNKeJR4bKQDLG0ibAM73iDiGJyBI=","processedHistoryMessages":[{"key":{"remoteJid":"6281249793648@s.whatsapp.net","fromMe":true,"id":"642EB145348B1981B6CE0CD4A9728BB1"},"messageTimestamp":1682848626},{"key":{"remoteJid":"6281249793648@s.whatsapp.net","fromMe":true,"id":"9D9D476559CADBD34729D0B345644512"},"messageTimestamp":1682848627},{"key":{"remoteJid":"6281249793648@s.whatsapp.net","fromMe":true,"id":"8AB622175C0CBDA6E953C22774109108"},"messageTimestamp":1682848638},{"key":{"remoteJid":"6281249793648@s.whatsapp.net","fromMe":true,"id":"5A43E38A5A93BBB00D15857147250C92"},"messageTimestamp":1682848638}],"nextPreKeyId":61,"firstUnuploadedPreKeyId":61,"accountSyncCounter":1,"accountSettings":{"unarchiveChats":false},"account":{"details":"CPSFnpYFEOr2uKIGGAE=","accountSignatureKey":"nRm55oXxcOnpKEcZSuhy4JP9HB0f758Kz++h4VleJFs=","accountSignature":"5vIwjYgLbcaR5hugPE40HCRBXy5bHTfPiWXWq2QSS33biMFHXapeCHBUK//lnU9n8dlqs9zeZriIXIV8eUQ2CQ==","deviceSignature":"VAOz4mxBMLbt2Fu/DDpUXfvW+dYjAiE6OhyqA5VgYQpX/FrBNYRwWucQtAnsZB+w07TXZLq2ARNpJVgmqqFJhw=="},"me":{"id":"6281249793648:1@s.whatsapp.net","jid":"6281249793648@s.whatsapp.net","name":"nxz"},"signalIdentities":[{"identifier":{"name":"6281249793648:1@s.whatsapp.net","deviceId":0},"identifierKey":{"type":"Buffer","data":"BZ0ZueaF8XDp6ShHGUrocuCT/RwdH++fCs/voeFZXiRb"}}],"platform":"android","lastAccountSyncTimestamp":1682848622,"myAppStateKeyId":"AAAAAEcI"}