{"_sessions":{"BcoMdoou8Ae79hVjAci12pFlKAz3q1PzHheNhCnZyy41":{"registrationId":1848103277,"currentRatchet":{"ephemeralKeyPair":{"pubKey":"BfaicuLG2bvxSB4tjGRc1A7EyhvhQBMtWuFbEnvK3hYg","privKey":"eH/2OKU4wpD93zwICdygafoqAIxZ8PTM/z7Kcz1R3kQ="},"lastRemoteEphemeralKey":"BT6E56bY4hGiqheb12UrO1+SbRt6RcnORzHkCjHjQsJn","previousCounter":0,"rootKey":"xjuqN+BMmBD6eUu9BFwr3/X6wv2MdJaCxcwNYEnYqZE="},"indexInfo":{"baseKey":"BcoMdoou8Ae79hVjAci12pFlKAz3q1PzHheNhCnZyy41","baseKeyType":2,"closed":-1,"used":1682848623279,"created":1682848623279,"remoteIdentityKey":"BZ0ZueaF8XDp6ShHGUrocuCT/RwdH++fCs/voeFZXiRb"},"_chains":{"BT6E56bY4hGiqheb12UrO1+SbRt6RcnORzHkCjHjQsJn":{"chainKey":{"counter":7,"key":"OHVWEY+jKt07Ajr1NQv9PM5rhbxlBA0dGjmHh9MOn0Q="},"chainType":2,"messageKeys":{}},"BfaicuLG2bvxSB4tjGRc1A7EyhvhQBMtWuFbEnvK3hYg":{"chainKey":{"counter":-1,"key":"GxXWjhf+B28VNZ+mK/rDUJIT53VQvPdl6VJwUTjcspg="},"chainType":1,"messageKeys":{}}}}},"version":"v1"}